"Name","Calls","TotalDurationNs","AverageNs","Percentage"
"CopyHostToDevice",943,366911605,389089,94.57610169309169
"CopyDeviceToHost",131,11202320,85513,2.8875395083743807
"CopyDeviceToDevice",2064,9730269,4714,2.508099765460233
"FillBuffer",2,109632,54816,0.028259033073693672
